EmpName,EmpID,MarriedID,GenderID,EmpStatusID,PerfScoreID,FromDiversityJobFairID,Salary,Termd,PositionID,Position,State,Zip,DOB,Sex,MaritalDesc,DateofHire,DateofTermination,TermReason,EmploymentStatus,Department,ManagerName,ManagerID,RecruitmentSource,PerformanceScore,EngagementSurvey,EmpSatisfaction,SpecialProjectsCount,LastPerformanceReview_Date,DaysLateLast30,Absences
 Wilson  K Adinolfi,10026,0,1,1,4,0,62506,0,19,Production Technician I,MA,1960,1983-07-10,M,Single,2011-07-05,,N/A-StillEmployed,Active,Production       ,Michael Albert,22,LinkedIn,Exceeds,4.6,5,0,2019-01-17,0,1
 Karthikeyan    Ait Sidi,10084,1,1,5,3,0,104437,1,27,Sr. DBA,MA,2148,1975-05-05,M,Married,2015-03-30,2016-06-16,career change,Voluntarily Terminated,IT/IS,Simon Roup,4,Indeed,Fully Meets,4.96,3,6,2016-02-24,0,17
 Sarah Akinkuolie,10196,1,0,5,3,0,64955,1,20,Production Technician II,MA,1810,1988-09-19,F,Married,2011-07-05,2012-09-24,hours,Voluntarily Terminated,Production       ,Kissy Sullivan,20,LinkedIn,Fully Meets,3.02,3,0,2012-05-15,0,3
Trina Alagbe,10088,1,0,1,3,0,64991,0,19,Production Technician I,MA,1886,1988-09-27,F,Married,2008-01-07,,N/A-StillEmployed,Active,Production       ,Elijiah Gray,16,Indeed,Fully Meets,4.84,5,0,2019-01-03,0,15
 Carol  Anderson,10069,0,0,5,3,0,50825,1,19,Production Technician I,MA,2169,1989-09-08,F,Divorced,2011-07-11,2016-09-06,return to school,Voluntarily Terminated,Production       ,Webster Butler,39,Google Search,Fully Meets,5.0,4,0,2016-02-01,0,2
 Linda   Anderson,10002,0,0,1,4,0,57568,0,19,Production Technician I,MA,1844,1977-05-22,F,Single,2012-01-09,,N/A-StillEmployed,Active,Production       ,Amy Dunn,11,LinkedIn,Exceeds,5.0,5,0,2019-01-07,0,15
 Colby Andreola,10194,0,0,1,3,0,95660,0,24,Software Engineer,MA,2110,1979-05-24,F,Single,2014-11-10,,N/A-StillEmployed,Active,Software Engineering,Alex Sweetwater,10,LinkedIn,Fully Meets,3.04,3,4,2019-01-02,0,19
 Sam Athwal,10062,0,1,1,3,0,59365,0,19,Production Technician I,MA,2199,1983-02-18,M,Widowed,2013-09-30,,N/A-StillEmployed,Active,Production       ,Ketsia Liebig,19,Employee Referral,Fully Meets,5.0,4,0,2019-02-25,0,19
 Linda Bachiochi,10114,0,0,3,3,1,47837,0,19,Production Technician I,MA,1902,2070-02-11,F,Single,2009-07-06,,N/A-StillEmployed,Active,Production       ,Brannon Miller,12,Diversity Job Fair,Fully Meets,4.46,3,0,2019-01-25,0,4
 Alejandro  Bacong,10250,0,1,1,3,0,50178,0,14,IT Support,MA,1886,1988-01-07,M,Divorced,2015-01-05,,N/A-StillEmployed,Active,IT/IS,Peter Monroe,7,Indeed,Fully Meets,5.0,5,6,2019-02-18,0,16
 Rachael   Baczenski,10252,1,0,5,3,1,54670,1,19,Production Technician I,MA,1902,1974-01-12,F,Married,2011-01-10,2017-01-12,Another position,Voluntarily Terminated,Production       ,David Stanley,14,Diversity Job Fair,Fully Meets,4.2,4,0,2016-01-30,0,12
 Thomas Barbara,10242,1,1,5,3,1,47211,1,19,Production Technician I,MA,2062,1974-02-21,M,Married,2012-04-02,2016-09-19,unhappy,Voluntarily Terminated,Production       ,Kissy Sullivan,20,Diversity Job Fair,Fully Meets,4.2,3,0,2016-05-06,0,15
 Hector Barbossa,10012,0,1,1,4,1,92328,0,9,Data Analyst,TX,78230,1988-07-04,M,Divorced,2014-11-10,,N/A-StillEmployed,Active,IT/IS,Simon Roup,4,Diversity Job Fair,Exceeds,4.28,4,5,2019-02-25,0,9
 Francesco  A Barone,10265,0,1,1,3,0,58709,0,19,Production Technician I,MA,1810,1983-07-20,M,Single,2012-02-20,,N/A-StillEmployed,Active,Production       ,Kelley Spirea,18,Google Search,Fully Meets,4.6,4,0,2019-02-14,0,7
 Nader Barton,10066,0,1,5,3,0,52505,1,19,Production Technician I,MA,2747,1977-07-15,M,Divorced,2012-09-24,2017-04-06,Another position,Voluntarily Terminated,Production       ,Michael Albert,22,On-line Web application,Fully Meets,5.0,5,0,2017-03-02,0,1
 Norman Bates,10061,0,1,4,3,0,57834,1,19,Production Technician I,MA,2050,1981-10-18,M,Single,2011-02-21,2017-08-04,attendance,Terminated for Cause,Production       ,Kelley Spirea,18,Google Search,Fully Meets,5.0,4,0,2017-04-05,0,20
 Kimberly   Beak,10023,1,0,2,4,0,70131,0,20,Production Technician II,MA,2145,2066-04-17,F,Married,2016-07-21,,N/A-StillEmployed,Active,Production       ,Kelley Spirea,18,Employee Referral,Exceeds,4.4,3,0,2019-01-14,0,16
 Courtney  Beatrice,10055,0,0,1,3,0,59026,0,19,Production Technician I,MA,1915,2070-10-27,F,Single,2011-04-04,,N/A-StillEmployed,Active,Production       ,Elijiah Gray,16,Google Search,Fully Meets,5.0,5,0,2019-01-14,0,12
 Renee Becker,10245,0,0,4,3,0,110000,1,8,Database Administrator,MA,2026,1986-04-04,F,Single,2014-07-07,2015-09-12,performance,Terminated for Cause,IT/IS,Simon Roup,4,Google Search,Fully Meets,4.5,4,5,2015-01-15,0,8
 Scott Becker,10277,0,1,3,3,0,53250,0,19,Production Technician I,MA,2452,1979-04-06,M,Single,2013-07-08,,N/A-StillEmployed,Active,Production       ,Webster Butler,39,LinkedIn,Fully Meets,4.2,4,0,2019-01-11,0,13
 Sean Bernstein,10046,0,1,1,3,0,51044,0,19,Production Technician I,MA,2072,2070-12-22,M,Single,2012-04-02,,N/A-StillEmployed,Active,Production       ,Amy Dunn,11,Google Search,Fully Meets,5.0,3,0,2019-01-14,0,13
 Lowan  M Biden,10226,0,0,1,3,0,64919,0,19,Production Technician I,MA,2027,2058-12-27,F,Divorced,2013-08-19,,N/A-StillEmployed,Active,Production       ,Ketsia Liebig,19,Indeed,Fully Meets,4.2,3,0,2019-01-10,0,2
 Helen Billis,10003,1,0,1,4,0,62910,0,19,Production Technician I,MA,2031,1989-09-01,F,Married,2014-07-07,,N/A-StillEmployed,Active,Production       ,Brannon Miller,12,Indeed,Exceeds,5.0,3,0,2019-02-27,0,19
 Dianna Blount,10294,0,0,1,2,0,66441,0,20,Production Technician II,MA,2171,1990-09-21,F,Single,2011-04-04,,N/A-StillEmployed,Active,Production       ,Michael Albert,22,CareerBuilder,Needs Improvement,2.0,3,0,2019-02-27,2,3
 Betsy Bondwell,10267,0,0,5,3,0,57815,1,20,Production Technician II,MA,2210,2067-01-16,F,Single,2011-01-10,2014-04-04,career change,Voluntarily Terminated,Production       ,Elijiah Gray,16,Google Search,Fully Meets,4.8,5,0,2014-03-04,0,5
 Frank Booth,10199,0,1,4,3,0,103613,1,30,Enterprise Architect,CT,6033,2064-07-30,M,Single,2014-02-17,2016-02-19,Learned that he is a gangster,Terminated for Cause,IT/IS,Simon Roup,4,LinkedIn,Fully Meets,3.5,5,7,2016-01-10,0,2
 Bonalyn Boutwell,10081,1,0,1,3,1,106367,0,26,Sr. Accountant,MA,2468,1987-04-04,F,Married,2015-02-16,,N/A-StillEmployed,Active,Admin Offices,Brandon R. LeBlanc,3,Diversity Job Fair,Fully Meets,5.0,4,3,2019-02-18,0,4
 Charles Bozzi,10175,0,1,5,3,0,74312,1,18,Production Manager,MA,1901,2070-03-10,M,Single,2013-09-30,2014-08-07,retiring,Voluntarily Terminated,Production       ,Janet King,2,Indeed,Fully Meets,3.39,3,0,2014-02-20,0,14
 Donna Brill,10177,1,0,5,3,0,53492,1,19,Production Technician I,MA,1701,1990-08-24,F,Married,2012-04-02,2013-06-15,Another position,Voluntarily Terminated,Production       ,David Stanley,14,Google Search,Fully Meets,3.35,4,0,2013-03-04,0,6
 Mia Brown,10238,1,0,1,3,1,63000,0,1,Accountant I,MA,1450,1987-11-24,F,Married,2008-10-27,,N/A-StillEmployed,Active,Admin Offices,Brandon R. LeBlanc,1,Diversity Job Fair,Fully Meets,4.5,2,6,2019-01-15,0,14
 Joseph   Buccheri,10184,0,1,1,3,0,65288,0,20,Production Technician II,MA,1013,1983-07-28,M,Single,2014-09-29,,N/A-StillEmployed,Active,Production       ,Webster Butler,39,Google Search,Fully Meets,3.19,3,0,2019-02-01,0,9
 Josephine  Bugali,10203,0,0,3,3,1,64375,0,19,Production Technician I,MA,2043,2069-10-30,F,Separated,2013-11-11,,N/A-StillEmployed,Active,Production       ,Kissy Sullivan,20,Diversity Job Fair,Fully Meets,3.5,5,0,2019-01-21,0,17
 Jessica Bunbury,10188,1,0,5,3,0,74326,1,3,Area Sales Manager,VA,21851,2064-06-01,F,Married,2011-08-15,2014-08-02,Another position,Voluntarily Terminated,Sales,John Smith,17,Google Search,Fully Meets,3.14,5,0,2013-02-10,1,19
 Joelle Burke,10107,0,0,1,3,0,63763,0,20,Production Technician II,MA,2148,1980-03-02,F,Single,2012-03-05,,N/A-StillEmployed,Active,Production       ,Amy Dunn,11,Employee Referral,Fully Meets,4.51,4,0,2019-02-21,0,3
 Benjamin  Burkett,10181,1,1,1,3,0,62162,0,20,Production Technician II,MA,1890,1977-08-19,M,Married,2011-04-04,,N/A-StillEmployed,Active,Production       ,Ketsia Liebig,19,Indeed,Fully Meets,3.25,5,0,2019-01-14,0,15
 Max  Cady,10150,0,1,1,3,0,77692,0,25,Software Engineering Manager,MA,2184,2066-11-22,M,Single,2011-08-15,,N/A-StillEmployed,Active,Software Engineering,Jennifer Zamora,5,Google Search,Fully Meets,3.84,3,5,2019-01-21,0,4
 Calvin Candie,10001,0,1,1,4,0,72640,0,18,Production Manager,MA,2169,1983-08-09,M,Single,2016-01-28,,N/A-StillEmployed,Active,Production       ,Janet King,2,Indeed,Exceeds,5.0,3,0,2019-02-22,0,14
 Judith Carabbio,10085,0,0,1,3,0,93396,0,24,Software Engineer,MA,2132,1987-04-05,F,Single,2013-11-11,,N/A-StillEmployed,Active,Software Engineering,Alex Sweetwater,10,Indeed,Fully Meets,4.96,4,6,2019-01-30,0,3
 Michael   Carey,10115,0,1,1,3,0,52846,0,19,Production Technician I,MA,1701,1983-02-02,M,Single,2014-03-31,,N/A-StillEmployed,Active,Production       ,Kelley Spirea,18,LinkedIn,Fully Meets,4.43,3,0,2019-02-01,0,14
 Claudia  N Carr,10082,0,0,2,3,0,100031,0,27,Sr. DBA,MA,1886,1986-06-06,F,Single,2016-06-30,,N/A-StillEmployed,Active,IT/IS,Simon Roup,4,LinkedIn,Fully Meets,5.0,5,6,2019-02-18,0,7
 Michelle  Carter,10040,0,0,1,3,0,71860,0,3,Area Sales Manager,VT,5664,2063-05-15,F,Single,2014-08-18,,N/A-StillEmployed,Active,Sales,John Smith,17,Indeed,Fully Meets,5.0,5,0,2019-01-21,0,7
 Beatrice  Chace,10067,0,0,1,3,0,61656,0,19,Production Technician I,MA,2763,2051-01-02,F,Single,2014-09-29,,N/A-StillEmployed,Active,Production       ,Michael Albert,22,Google Search,Fully Meets,5.0,4,0,2019-02-12,0,11
 Brian Champaigne,10108,1,1,1,3,0,110929,0,5,BI Director,MA,2045,2072-02-09,M,Married,2016-09-06,,N/A-StillEmployed,Active,IT/IS,Jennifer Zamora,5,Indeed,Fully Meets,4.5,5,7,2019-01-15,0,8
 Lin Chan,10210,0,0,1,3,0,54237,0,19,Production Technician I,MA,2170,1979-02-12,F,Single,2014-05-12,,N/A-StillEmployed,Active,Production       ,Elijiah Gray,16,Indeed,Fully Meets,3.3,4,0,2019-02-19,0,11
 Donovan  E Chang,10154,0,1,1,3,0,60380,0,19,Production Technician I,MA,1845,1983-08-24,M,Single,2013-07-08,,N/A-StillEmployed,Active,Production       ,Webster Butler,39,LinkedIn,Fully Meets,3.8,5,0,2019-01-14,0,4
 Anton Chigurh,10200,0,1,1,3,0,66808,0,3,Area Sales Manager,TX,78207,2070-06-11,M,Single,2012-05-14,,N/A-StillEmployed,Active,Sales,Lynn Daneault,21,Employee Referral,Fully Meets,3.0,5,0,2019-01-19,0,17
 Enola Chivukula,10240,0,0,5,3,0,64786,1,19,Production Technician I,MA,1775,1983-08-27,F,Single,2011-06-27,2015-11-15,relocation out of area,Voluntarily Terminated,Production       ,Amy Dunn,11,Indeed,Fully Meets,4.3,4,0,2015-03-10,0,3
 Caroline   Cierpiszewski,10168,0,0,1,3,0,64816,0,19,Production Technician I,MA,2044,1988-05-31,F,Single,2011-10-03,,N/A-StillEmployed,Active,Production       ,Ketsia Liebig,19,Indeed,Fully Meets,3.58,5,0,2019-01-30,0,3
 Rick Clayton,10220,0,1,1,3,0,68678,0,14,IT Support,MA,2170,1985-09-05,M,Single,2012-09-05,,N/A-StillEmployed,Active,IT/IS,Eric Dougall,6,Indeed,Fully Meets,4.7,3,6,2019-02-27,0,2
 Jennifer Cloninger,10275,1,0,5,3,0,64066,1,20,Production Technician II,MA,1752,1981-08-31,F,Married,2011-05-16,2013-01-07,unhappy,Voluntarily Terminated,Production       ,Brannon Miller,12,Google Search,Fully Meets,4.2,5,0,2012-05-03,0,9
 Phil Close,10269,1,1,5,3,0,59369,1,20,Production Technician II,MA,2169,1978-11-25,M,Married,2010-08-30,2011-09-26,career change,Voluntarily Terminated,Production       ,David Stanley,14,Indeed,Fully Meets,4.2,4,0,2011-05-04,0,6
 Elijian Clukey,10029,1,1,2,4,0,50373,0,19,Production Technician I,MA,2134,1980-08-26,M,Married,2016-07-06,,N/A-StillEmployed,Active,Production       ,Brannon Miller,12,Employee Referral,Exceeds,4.1,4,0,2019-02-28,0,5
 James Cockel,10261,0,1,1,3,0,63108,0,19,Production Technician I,MA,2452,1977-09-08,M,Single,2013-07-08,,N/A-StillEmployed,Active,Production       ,David Stanley,14,Employee Referral,Fully Meets,4.4,5,0,2019-01-14,0,3
 Spencer Cole,10292,0,1,4,2,0,59144,1,19,Production Technician I,MA,1880,1979-08-12,M,Single,2011-07-11,2016-09-23,performance,Terminated for Cause,Production       ,Kissy Sullivan,20,LinkedIn,Needs Improvement,2.0,3,0,2016-05-01,5,16
 Michael Corleone,10282,0,1,1,2,0,68051,0,18,Production Manager,MA,1803,1975-12-17,M,Divorced,2010-07-20,,N/A-StillEmployed,Active,Production       ,Janet King,2,CareerBuilder,Needs Improvement,4.13,2,0,2019-01-14,3,3
 Vito Corleone,10019,0,1,1,4,0,170500,0,10,Director of Operations,MA,2030,1983-03-19,M,Single,2009-01-05,,N/A-StillEmployed,Active,Production       ,Janet King,2,Indeed,Exceeds,3.7,5,0,2019-02-04,0,15
 Lisa  Cornett,10094,1,0,1,3,0,63381,0,19,Production Technician I,MA,2189,1977-03-31,F,Married,2015-01-05,,N/A-StillEmployed,Active,Production       ,Kelley Spirea,18,Indeed,Fully Meets,4.73,5,0,2019-02-14,0,6
 Frank Costello,10193,1,1,1,3,0,83552,0,9,Data Analyst,MA,1810,1986-08-26,M,Married,2015-03-30,,N/A-StillEmployed,Active,IT/IS,Simon Roup,4,Indeed,Fully Meets,3.04,3,6,2019-01-22,0,2
   Jean Crimmings,10132,0,0,2,3,0,56149,0,19,Production Technician I,MA,1821,1987-04-10,F,Single,2016-07-06,,N/A-StillEmployed,Active,Production       ,Michael Albert,22,LinkedIn,Fully Meets,4.12,5,0,2019-01-28,0,15
 Noah Cross,10083,0,1,1,3,0,92329,0,28,Sr. Network Engineer,CT,6278,2065-09-09,M,Single,2014-11-10,,N/A-StillEmployed,Active,IT/IS,Peter Monroe,7,Employee Referral,Fully Meets,5.0,3,4,2019-01-02,0,5
 Lynn Daneault,10099,0,0,1,3,0,65729,0,21,Sales Manager,VT,5473,1990-04-19,F,Single,2014-05-05,,N/A-StillEmployed,Active,Sales,Debra Houlihan,15,Indeed,Fully Meets,4.62,4,0,2019-01-24,0,8
 Ann   Daniele,10212,1,0,3,3,0,85028,0,28,Sr. Network Engineer,CT,6033,2052-01-18,F,Married,2014-11-10,,N/A-StillEmployed,Active,IT/IS,Peter Monroe,7,LinkedIn,Fully Meets,3.1,5,8,2019-02-12,0,19
 Jene'ya  Darson,10056,1,0,1,3,0,57583,0,19,Production Technician I,MA,2110,1978-11-05,F,Married,2012-07-02,,N/A-StillEmployed,Active,Production       ,Elijiah Gray,16,Indeed,Fully Meets,5.0,3,0,2019-02-25,0,1
 Daniel Davis,10143,0,1,1,3,0,56294,0,20,Production Technician II,MA,2458,1979-09-14,M,Single,2011-11-07,,N/A-StillEmployed,Active,Production       ,Kissy Sullivan,20,LinkedIn,Fully Meets,3.96,4,0,2019-02-27,0,6
 Randy Dee,10311,1,1,1,1,0,56991,0,19,Production Technician I,MA,2138,1988-04-15,M,Married,2018-07-09,,N/A-StillEmployed,Active,Production       ,Brannon Miller,12,Indeed,Fully Meets,4.3,4,3,2019-01-31,2,2
  James DeGweck,10070,1,1,5,3,0,55722,1,19,Production Technician I,MA,1810,1977-10-31,M,Married,2011-05-16,2016-06-08,unhappy,Voluntarily Terminated,Production       ,Webster Butler,39,Indeed,Fully Meets,5.0,4,0,2016-04-02,0,14
 Keyla Del Bosque,10155,0,0,1,3,0,101199,0,24,Software Engineer,MA,2176,1979-07-05,F,Single,2012-01-09,,N/A-StillEmployed,Active,Software Engineering,Alex Sweetwater,10,CareerBuilder,Fully Meets,3.79,5,5,2019-01-25,0,8
 Alex Delarge,10306,0,1,1,1,0,61568,0,3,Area Sales Manager,AL,36006,1975-11-02,M,Single,2014-09-29,,N/A-StillEmployed,Active,Sales,John Smith,17,Indeed,PIP,1.93,3,0,2019-01-30,6,5
 Carla Demita,10100,0,0,5,3,0,58275,1,20,Production Technician II,MA,2343,2051-02-25,F,Separated,2011-04-04,2015-11-04,more money,Voluntarily Terminated,Production       ,Kelley Spirea,18,Google Search,Fully Meets,4.62,5,0,2015-05-06,0,1
 Carl  Desimone,10310,1,1,1,1,0,53189,0,19,Production Technician I,MA,2061,2067-04-19,M,Married,2014-07-07,,N/A-StillEmployed,Active,Production       ,Amy Dunn,11,Indeed,PIP,1.12,2,0,2019-01-31,4,9
 Tommy DeVito,10197,0,1,1,3,0,96820,0,4,BI Developer,MA,2045,1983-09-04,M,Single,2017-02-15,,N/A-StillEmployed,Active,IT/IS,Brian Champaigne,13,Indeed,Fully Meets,3.01,5,7,2019-01-23,0,15
 Geoff  Dickinson,10276,0,1,1,3,0,51259,0,19,Production Technician I,MA,2180,1982-11-15,M,Single,2014-05-12,,N/A-StillEmployed,Active,Production       ,Ketsia Liebig,19,Indeed,Fully Meets,4.3,4,0,2019-02-19,0,1
 Jenna   Dietrich,10304,0,0,1,1,0,59231,0,3,Area Sales Manager,WA,98052,1987-05-14,F,Single,2012-02-20,,N/A-StillEmployed,Active,Sales,John Smith,17,Website,PIP,2.3,1,0,2019-01-29,2,17
 Lily  DiNocco,10284,1,0,1,2,0,61584,0,19,Production Technician I,MA,2351,1978-12-02,F,Married,2013-01-07,,N/A-StillEmployed,Active,Production       ,Brannon Miller,12,Indeed,Needs Improvement,3.88,4,0,2019-01-18,0,6
 Denisa  S Dobrin,10207,0,0,1,3,0,46335,0,19,Production Technician I,MA,2125,1986-10-07,F,Single,2012-04-02,,N/A-StillEmployed,Active,Production       ,David Stanley,14,CareerBuilder,Fully Meets,3.4,5,0,2019-02-19,0,15
 Linda Dolan,10133,1,0,1,3,0,70621,0,14,IT Support,MA,2119,1988-07-18,F,Married,2015-01-05,,N/A-StillEmployed,Active,IT/IS,Peter Monroe,7,Employee Referral,Fully Meets,4.11,4,6,2019-02-25,0,16
 Eric Dougall,10028,0,1,1,4,0,138888,0,13,IT Manager - Support,MA,1886,2070-07-09,M,Single,2014-01-05,,N/A-StillEmployed,Active,IT/IS,Jennifer Zamora,5,Indeed,Exceeds,4.3,5,5,2019-01-04,0,4
 Elle Driver,10006,0,0,1,4,0,74241,0,3,Area Sales Manager,CA,90007,1988-11-08,F,Single,2011-01-10,,N/A-StillEmployed,Active,Sales,Lynn Daneault,21,Indeed,Exceeds,4.77,5,0,2019-01-27,0,14
 Amy   Dunn,10105,0,0,1,3,0,75188,0,18,Production Manager,MA,1731,1973-11-28,F,Single,2014-09-18,,N/A-StillEmployed,Active,Production       ,Janet King,2,Google Search,Fully Meets,4.52,4,0,2019-01-15,0,4
 Amy Dunne,10211,1,0,1,3,0,62514,0,19,Production Technician I,MA,1749,1973-09-23,F,Married,2010-04-26,,N/A-StillEmployed,Active,Production       ,Ketsia Liebig,19,Google Search,Fully Meets,2.9,3,0,2019-01-21,0,6
 Marianne Eaton,10064,1,0,5,3,0,60070,1,19,Production Technician I,MA,2343,1991-09-05,F,Married,2011-04-04,2017-06-06,military,Voluntarily Terminated,Production       ,Kissy Sullivan,20,Google Search,Fully Meets,5.0,3,0,2017-04-09,0,7
 Jean Engdahl,10247,0,1,1,3,0,48888,0,19,Production Technician I,MA,2026,1974-05-31,M,Single,2014-11-10,,N/A-StillEmployed,Active,Production       ,Kelley Spirea,18,LinkedIn,Fully Meets,4.7,5,0,2019-02-13,0,8
 Rex England,10235,1,1,1,3,0,54285,0,19,Production Technician I,MA,2045,1978-08-25,M,Married,2014-03-31,,N/A-StillEmployed,Active,Production       ,Kelley Spirea,18,Employee Referral,Fully Meets,4.2,3,0,2019-01-11,0,3
 Angela Erilus,10299,0,0,1,1,0,56847,0,20,Production Technician II,MA,2133,1989-08-25,F,Separated,2014-07-07,,N/A-StillEmployed,Active,Production       ,Michael Albert,22,Indeed,PIP,3.0,1,0,2019-02-25,2,5
 Miguel Estremera,10280,0,1,4,2,0,60340,1,19,Production Technician I,MA,2129,1983-09-02,M,Single,2012-04-02,2018-09-27,attendance,Terminated for Cause,Production       ,Michael Albert,22,Google Search,Needs Improvement,5.0,4,0,2018-04-12,5,16
 April Evensen,10296,0,0,4,2,0,59124,1,19,Production Technician I,MA,2458,1989-05-06,F,Single,2014-02-17,2018-02-25,"no-call, no-show",Terminated for Cause,Production       ,Elijiah Gray,16,Google Search,Needs Improvement,2.3,3,0,2017-01-15,5,19
 Susan Exantus,10290,1,0,4,2,0,99280,1,24,Software Engineer,MA,1749,1987-05-15,F,Married,2011-05-02,2013-06-05,attendance,Terminated for Cause,Software Engineering,Alex Sweetwater,10,Indeed,Needs Improvement,2.1,5,4,2012-08-10,4,19
 Megan  Faller,10263,1,0,1,3,0,71776,0,20,Production Technician II,MA,1824,1978-09-22,F,Married,2014-07-07,,N/A-StillEmployed,Active,Production       ,Elijiah Gray,16,LinkedIn,Fully Meets,4.4,5,0,2019-02-22,0,17
 Nicole Fancett,10136,0,0,1,3,0,65902,0,20,Production Technician II,MA,2324,1987-09-27,F,Single,2014-02-17,,N/A-StillEmployed,Active,Production       ,Webster Butler,39,LinkedIn,Fully Meets,4.0,4,0,2019-01-07,0,7
 Susan Ferguson,10189,1,0,5,3,0,57748,1,19,Production Technician I,MA,2176,2055-04-14,F,Married,2011-11-07,2016-05-17,military,Voluntarily Terminated,Production       ,Webster Butler,39,Google Search,Fully Meets,3.13,3,0,2016-02-04,0,16
 Nilson   Fernandes,10308,1,1,1,1,0,64057,0,19,Production Technician I,MA,2132,1989-10-18,M,Married,2015-05-11,,N/A-StillEmployed,Active,Production       ,Amy Dunn,11,Indeed,PIP,1.56,5,0,2019-01-03,6,15
 Boba Fett,10309,0,1,1,1,0,53366,0,15,Network Engineer,MA,2138,1987-06-18,M,Single,2015-03-30,,N/A-StillEmployed,Active,IT/IS,Peter Monroe,7,LinkedIn,PIP,1.2,3,6,2019-02-04,3,2
  Libby Fidelia,10049,1,0,1,3,0,58530,0,19,Production Technician I,MA,2155,1981-03-16,F,Married,2012-01-09,,N/A-StillEmployed,Active,Production       ,Brannon Miller,12,Google Search,Fully Meets,5.0,5,0,2019-01-29,0,19
 Michael  J Fitzpatrick,10093,0,1,5,3,0,72609,1,20,Production Technician II,MA,2143,1981-10-01,M,Single,2011-05-16,2013-06-24,hours,Voluntarily Terminated,Production       ,Amy Dunn,11,Google Search,Fully Meets,4.76,5,0,2013-04-05,0,20
 Tanya Foreman,10163,1,0,5,3,0,55965,1,20,Production Technician II,MA,2170,1983-11-08,F,Married,2011-04-04,2013-01-09,career change,Voluntarily Terminated,Production       ,Ketsia Liebig,19,Google Search,Fully Meets,3.66,3,0,2012-01-07,0,6
 Alex Forrest,10305,1,1,1,3,0,70187,1,3,Area Sales Manager,MA,2330,1975-07-07,M,Married,2014-09-29,2018-08-19,Fatal attraction,Terminated for Cause,Sales,Lynn Daneault,21,Employee Referral,PIP,2.0,5,0,2019-01-28,4,7
 Jason Foss,10015,0,1,1,4,0,178000,0,12,IT Director,MA,1460,1980-07-05,M,Single,2011-04-15,,N/A-StillEmployed,Active,IT/IS,Jennifer Zamora,5,Indeed,Exceeds,5.0,5,5,2019-01-07,0,15
 Amy Foster-Baker,10080,1,0,1,3,0,99351,0,26,Sr. Accountant,MA,2050,1979-04-16,F,Married,2009-01-05,,N/A-StillEmployed,Active,Admin Offices,Board of Directors,9,Other,Fully Meets,5.0,3,2,2019-02-08,0,3
 Maruk  Fraval,10258,0,1,1,3,0,67251,0,3,Area Sales Manager,CT,6050,2063-08-28,M,Single,2011-09-06,,N/A-StillEmployed,Active,Sales,Lynn Daneault,21,CareerBuilder,Fully Meets,4.3,3,0,2019-01-27,2,7
 Lisa Galia,10273,0,0,1,3,0,65707,0,14,IT Support,CT,6040,2068-07-06,F,Single,2010-05-01,,N/A-StillEmployed,Active,IT/IS,Eric Dougall,6,LinkedIn,Fully Meets,4.7,4,5,2019-02-01,0,1
 Raul Garcia,10111,0,1,1,3,0,52249,0,19,Production Technician I,MA,1905,1985-09-15,M,Single,2015-03-30,,N/A-StillEmployed,Active,Production       ,David Stanley,14,Employee Referral,Fully Meets,4.5,3,0,2019-02-18,0,5
 Barbara Gaul,10257,0,0,1,3,0,53171,0,19,Production Technician I,MA,2121,1983-12-02,F,Single,2011-05-16,,N/A-StillEmployed,Active,Production       ,Kelley Spirea,18,LinkedIn,Fully Meets,4.2,4,0,2019-02-26,0,12
 Mildred Gentry,10159,1,0,1,3,0,51337,0,19,Production Technician I,MA,2145,1990-10-01,F,Married,2015-03-30,,N/A-StillEmployed,Active,Production       ,Michael Albert,22,LinkedIn,Fully Meets,3.73,3,0,2019-01-16,0,19
 Melisa Gerke,10122,0,0,5,3,1,51505,1,19,Production Technician I,MA,2330,2070-05-15,F,Divorced,2011-11-07,2016-11-15,hours,Voluntarily Terminated,Production       ,Elijiah Gray,16,Diversity Job Fair,Fully Meets,4.24,4,0,2016-04-29,0,2
 Whitney   Gill,10142,0,0,4,3,0,59370,1,3,Area Sales Manager,OH,43050,2071-07-10,F,Widowed,2014-07-07,2015-09-05,attendance,Terminated for Cause,Sales,John Smith,17,CareerBuilder,Fully Meets,3.97,4,0,2014-01-15,0,7
 Alex Gilles,10283,1,1,5,2,1,54933,1,19,Production Technician I,MA,2062,1974-08-09,M,Married,2012-04-02,2015-06-25,military,Voluntarily Terminated,Production       ,Webster Butler,39,Diversity Job Fair,Needs Improvement,3.97,4,0,2015-01-20,3,15
 Evelyn Girifalco,10018,0,0,1,4,0,57815,0,19,Production Technician I,MA,2451,1980-05-08,F,Single,2014-09-29,,N/A-StillEmployed,Active,Production       ,Amy Dunn,11,Indeed,Exceeds,3.9,4,0,2019-02-07,0,3
 Myriam Givens,10255,0,0,1,3,0,61555,0,3,Area Sales Manager,IN,46204,1989-09-22,F,Single,2015-02-16,,N/A-StillEmployed,Active,Sales,Lynn Daneault,21,Indeed,Fully Meets,4.5,5,0,2019-01-25,0,20
 Taisha Goble,10246,0,0,4,3,0,114800,1,8,Database Administrator,MA,2127,2071-10-23,F,Single,2015-02-16,2015-03-15,"no-call, no-show",Terminated for Cause,IT/IS,Simon Roup,4,Indeed,Fully Meets,4.6,4,4,2015-01-20,0,10
 Amon Goeth,10228,1,1,1,3,0,74679,0,14,IT Support,MA,2135,1989-11-24,M,Married,2015-03-30,,N/A-StillEmployed,Active,IT/IS,Peter Monroe,7,LinkedIn,Fully Meets,4.3,5,7,2019-01-10,0,20
 Shenice   Gold,10243,0,0,1,3,0,53018,0,19,Production Technician I,MA,2451,1992-06-18,F,Single,2013-11-11,,N/A-StillEmployed,Active,Production       ,Ketsia Liebig,19,Indeed,Fully Meets,4.3,5,0,2019-02-18,0,7
 Cayo Gonzalez,10031,0,1,1,4,1,59892,0,19,Production Technician I,MA,2108,2069-09-29,M,Divorced,2011-07-11,,N/A-StillEmployed,Active,Production       ,Brannon Miller,12,Diversity Job Fair,Exceeds,4.5,4,0,2019-02-18,0,1
 Juan Gonzalez,10300,1,1,5,1,1,68898,1,20,Production Technician II,MA,2128,2064-10-12,M,Married,2010-04-26,2011-05-30,career change,Voluntarily Terminated,Production       ,Brannon Miller,12,Diversity Job Fair,PIP,3.0,3,0,2011-03-06,3,10
 Maria Gonzalez,10101,0,0,1,3,0,61242,0,14,IT Support,MA,2472,1981-04-16,F,Separated,2015-01-05,,N/A-StillEmployed,Active,IT/IS,Peter Monroe,7,Employee Referral,Fully Meets,4.61,4,5,2019-01-28,0,11
 Susan Good,10237,1,0,3,3,0,66825,0,20,Production Technician II,MA,1886,1986-05-25,F,Married,2014-05-12,,N/A-StillEmployed,Active,Production       ,David Stanley,14,LinkedIn,Fully Meets,4.6,3,0,2019-02-07,0,20
 David Gordon,10051,1,1,1,3,0,48285,0,19,Production Technician I,MA,2169,1979-05-21,M,Married,2012-07-02,,N/A-StillEmployed,Active,Production       ,David Stanley,14,LinkedIn,Fully Meets,5.0,3,0,2019-01-14,0,2
 Phylicia   Gosciminski,10218,0,0,3,3,0,66149,0,20,Production Technician II,MA,1824,1983-12-08,F,Separated,2013-09-30,,N/A-StillEmployed,Active,Production       ,Kissy Sullivan,20,Google Search,Fully Meets,4.4,5,0,2019-02-21,0,1
 Roxana Goyal,10256,1,0,3,3,0,49256,0,19,Production Technician I,MA,1864,1974-10-09,F,Married,2013-08-19,,N/A-StillEmployed,Active,Production       ,Kissy Sullivan,20,LinkedIn,Fully Meets,4.1,5,0,2019-02-15,0,3
 Elijiah   Gray,10098,0,1,1,3,0,62957,0,18,Production Manager,MA,1752,1981-07-11,M,Divorced,2015-06-02,,N/A-StillEmployed,Active,Production       ,Janet King,2,Employee Referral,Fully Meets,4.63,3,0,2019-01-04,0,2
 Paula Gross,10059,0,0,5,3,0,63813,1,19,Production Technician I,MA,2176,1983-05-21,F,Divorced,2011-02-21,2014-01-11,more money,Voluntarily Terminated,Production       ,Kelley Spirea,18,CareerBuilder,Fully Meets,5.0,5,0,2013-06-03,0,17
 Hans Gruber,10234,1,1,1,3,0,99020,0,4,BI Developer,MA,2134,1989-06-30,M,Married,2017-04-20,,N/A-StillEmployed,Active,IT/IS,Brian Champaigne,13,Indeed,Fully Meets,4.2,5,5,2019-01-28,0,8
 Mike Guilianno,10109,0,1,5,3,0,71707,1,3,Area Sales Manager,TN,37129,2069-02-09,M,Single,2012-03-07,2014-10-31,relocation out of area,Voluntarily Terminated,Sales,John Smith,17,LinkedIn,Fully Meets,4.5,5,0,2013-02-01,0,20
 Joanne Handschiegl,10125,1,0,1,3,0,54828,0,19,Production Technician I,MA,2127,1977-03-23,F,Married,2011-11-28,,N/A-StillEmployed,Active,Production       ,Michael Albert,22,Google Search,Fully Meets,4.2,4,0,2019-02-22,0,13
 Earnest Hankard,10074,0,1,1,3,0,64246,0,20,Production Technician II,MA,2155,1988-08-10,M,Single,2013-11-11,,N/A-StillEmployed,Active,Production       ,Kelley Spirea,18,LinkedIn,Fully Meets,5.0,3,0,2019-01-08,0,20
 Christie  Harrington,10097,0,0,5,3,0,52177,1,19,Production Technician I,MA,2324,2052-08-18,F,Single,2012-01-09,2015-12-15,retiring,Voluntarily Terminated,Production       ,Webster Butler,39,CareerBuilder,Fully Meets,4.64,4,0,2015-05-02,0,8
 Kara Harrison,10007,1,0,1,4,0,62065,0,19,Production Technician I,MA,1886,1974-05-02,F,Married,2014-05-12,,N/A-StillEmployed,Active,Production       ,Amy Dunn,11,CareerBuilder,Exceeds,4.76,4,0,2019-02-15,0,5
 Anthony Heitzman,10129,0,1,1,3,0,46998,0,19,Production Technician I,MA,2149,1984-01-04,M,Single,2012-08-13,,N/A-StillEmployed,Active,Production       ,Ketsia Liebig,19,Google Search,Fully Meets,4.17,4,0,2019-02-11,0,1
 Trina Hendrickson,10075,0,0,5,3,0,68099,1,20,Production Technician II,MA,2021,2072-08-27,F,Single,2011-01-10,2013-06-18,hours,Voluntarily Terminated,Production       ,Kelley Spirea,18,CareerBuilder,Fully Meets,5.0,3,0,2013-01-30,0,15
 Alfred Hitchcock,10167,1,1,1,3,0,70545,0,3,Area Sales Manager,NH,3062,1988-09-14,M,Married,2014-08-18,,N/A-StillEmployed,Active,Sales,John Smith,17,Indeed,Fully Meets,3.6,5,0,2019-01-30,0,9
 Adrienne  J Homberger,10195,1,0,5,3,0,63478,1,20,Production Technician II,MA,2445,1984-02-16,F,Married,2011-08-15,2012-04-07,relocation out of area,Voluntarily Terminated,Production       ,Michael Albert,30,Indeed,Fully Meets,3.03,5,0,2012-03-05,0,16
 Jayne Horton,10112,0,0,1,3,0,97999,0,8,Database Administrator,MA,2493,1984-02-21,F,Single,2015-03-30,,N/A-StillEmployed,Active,IT/IS,Simon Roup,4,Indeed,Fully Meets,4.48,5,6,2019-01-03,0,4
 Debra Houlihan,10272,1,0,1,3,0,180000,0,11,Director of Sales,RI,2908,2066-03-17,F,Married,2014-05-05,,N/A-StillEmployed,Active,Sales,Janet King,2,LinkedIn,Fully Meets,4.5,4,0,2019-01-21,0,19
 Estelle Howard,10182,1,0,1,3,0,49920,1,2,Administrative Assistant,MA,2170,1985-09-16,F,Married,2015-02-16,2015-04-15,"no-call, no-show",Terminated for Cause,Admin Offices,Brandon R. LeBlanc,1,Indeed,Fully Meets,3.24,3,4,2015-04-15,0,6
 Jane Hudson,10248,0,0,1,3,0,55425,0,19,Production Technician I,MA,2176,1986-06-10,F,Single,2012-02-20,,N/A-StillEmployed,Active,Production       ,Ketsia Liebig,19,LinkedIn,Fully Meets,4.8,4,0,2019-01-07,0,4
 Julissa Hunts,10201,0,0,2,3,0,69340,0,20,Production Technician II,MA,2021,1984-03-11,F,Single,2016-06-06,,N/A-StillEmployed,Active,Production       ,Elijiah Gray,16,LinkedIn,Fully Meets,3.0,5,0,2019-01-18,0,4
 Rosalie Hutter,10214,0,0,2,3,0,64995,0,20,Production Technician II,MA,2351,1992-05-07,F,Separated,2015-06-05,,N/A-StillEmployed,Active,Production       ,Webster Butler,39,Indeed,Fully Meets,4.5,3,0,2019-02-14,0,6
 Ming Huynh,10160,0,0,5,3,0,68182,1,20,Production Technician II,MA,1742,1976-09-22,F,Divorced,2011-02-21,2013-04-01,unhappy,Voluntarily Terminated,Production       ,Amy Dunn,11,Google Search,Fully Meets,3.72,3,0,2013-02-01,0,18
 Walter Immediato,10289,1,1,5,2,0,83082,1,18,Production Manager,MA,2128,1976-11-15,M,Married,2011-02-21,2012-09-24,unhappy,Voluntarily Terminated,Production       ,Janet King,2,Indeed,Needs Improvement,2.34,2,0,2012-04-12,3,4
 Rose  Ivey,10139,0,0,1,3,0,51908,0,19,Production Technician I,MA,1775,1991-01-28,F,Single,2013-08-19,,N/A-StillEmployed,Active,Production       ,Brannon Miller,12,Indeed,Fully Meets,3.99,3,0,2019-01-14,0,14
 Maryellen Jackson,10227,0,0,1,3,0,61242,0,19,Production Technician I,MA,2081,2072-09-11,F,Single,2012-11-05,,N/A-StillEmployed,Active,Production       ,David Stanley,14,LinkedIn,Fully Meets,4.1,3,0,2019-01-17,0,7
 Hannah   Jacobi,10236,0,0,1,3,0,45069,0,19,Production Technician I,MA,1778,2066-03-22,F,Divorced,2013-09-30,,N/A-StillEmployed,Active,Production       ,Kissy Sullivan,20,Employee Referral,Fully Meets,4.3,5,0,2019-02-22,0,7
 Tayana Jeannite,10009,0,0,1,4,0,60724,0,20,Production Technician II,MA,1821,1986-11-06,F,Divorced,2011-07-05,,N/A-StillEmployed,Active,Production       ,Ketsia Liebig,19,LinkedIn,Exceeds,4.6,4,0,2019-02-25,0,11
 Sneha   Jhaveri,10060,0,0,1,3,0,60436,0,19,Production Technician I,MA,2109,2064-04-13,F,Separated,2014-01-06,,N/A-StillEmployed,Active,Production       ,Kelley Spirea,18,LinkedIn,Fully Meets,5.0,5,0,2019-01-21,0,9
 George Johnson,10034,1,1,5,4,0,46837,1,19,Production Technician I,MA,2445,2059-08-19,M,Married,2011-11-07,2018-04-29,more money,Voluntarily Terminated,Production       ,Michael Albert,22,CareerBuilder,Exceeds,4.7,4,0,2018-02-14,0,9
 Noelle  Johnson,10156,1,0,3,3,0,105700,0,8,Database Administrator,MA,2301,1986-11-07,F,Married,2015-01-05,,N/A-StillEmployed,Active,IT/IS,Simon Roup,4,Indeed,Fully Meets,3.75,3,5,2019-02-11,0,2
 Yen Johnston,10036,0,0,1,4,0,63322,0,20,Production Technician II,MA,2128,2069-09-08,F,Single,2014-07-07,,N/A-StillEmployed,Active,Production       ,Brannon Miller,12,LinkedIn,Exceeds,4.3,3,0,2019-01-11,0,1
 Judy   Jung,10138,1,0,5,3,0,61154,1,19,Production Technician I,MA,2446,1986-04-17,F,Married,2011-01-10,2016-04-01,unhappy,Voluntarily Terminated,Production       ,Elijiah Gray,16,CareerBuilder,Fully Meets,4.0,4,0,2016-02-03,0,4
 Donysha Kampew,10244,0,0,5,3,0,68999,1,21,Sales Manager,PA,19444,1989-11-11,F,Single,2011-11-07,2014-04-24,maternity leave - did not return,Voluntarily Terminated,Sales,Debra Houlihan,15,Google Search,Fully Meets,4.5,5,0,2013-03-30,0,2
 Kramer  Keatts,10192,0,1,1,3,0,50482,0,19,Production Technician I,MA,1887,1976-01-19,M,Single,2013-09-30,,N/A-StillEmployed,Active,Production       ,Michael Albert,22,Indeed,Fully Meets,3.07,4,0,2019-01-23,0,10
 Bartholemew Khemmich,10231,0,1,1,3,0,65310,0,3,Area Sales Manager,CO,80820,1979-11-27,M,Single,2013-08-19,,N/A-StillEmployed,Active,Sales,Lynn Daneault,21,Indeed,Fully Meets,4.3,5,0,2019-01-22,0,13
 Janet King,10089,1,0,1,3,0,250000,0,16,President & CEO,MA,1902,2054-09-21,F,Married,2012-07-02,,N/A-StillEmployed,Active,Executive Office,Board of Directors,9,Indeed,Fully Meets,4.83,3,0,2019-01-17,0,10
 Kathleen   Kinsella,10166,1,0,5,3,0,54005,1,19,Production Technician I,MA,2170,1973-12-08,F,Married,2011-09-26,2015-06-04,more money,Voluntarily Terminated,Production       ,Webster Butler,39,Google Search,Fully Meets,3.6,5,0,2015-03-01,0,16
 Alexandra   Kirill,10170,1,0,5,3,0,45433,1,19,Production Technician I,MA,2127,2070-10-08,F,Married,2011-09-26,2014-01-09,more money,Voluntarily Terminated,Production       ,Amy Dunn,11,Google Search,Fully Meets,3.49,4,0,2013-01-30,0,6
 Bradley  J Knapp,10208,0,1,1,3,0,46654,0,19,Production Technician I,MA,1721,1977-11-10,M,Single,2014-02-17,,N/A-StillEmployed,Active,Production       ,Ketsia Liebig,19,LinkedIn,Fully Meets,3.1,3,0,2019-02-06,0,3
 John Kretschmer,10176,1,1,1,3,0,63973,0,19,Production Technician I,MA,1801,1980-02-02,M,Married,2011-01-10,,N/A-StillEmployed,Active,Production       ,Brannon Miller,12,Indeed,Fully Meets,3.38,3,0,2019-01-21,0,17
 Freddy Kreuger,10165,0,1,1,3,1,71339,0,3,Area Sales Manager,NY,10171,2069-02-24,M,Single,2011-03-07,,N/A-StillEmployed,Active,Sales,John Smith,17,Diversity Job Fair,Fully Meets,3.65,5,0,2019-01-17,0,20
  Jyoti Lajiri,10113,1,1,3,3,0,93206,0,28,Sr. Network Engineer,MA,2169,1986-04-23,M,Married,2014-11-10,,N/A-StillEmployed,Active,IT/IS,Peter Monroe,7,Employee Referral,Fully Meets,4.46,5,6,2019-01-07,0,7
 Hans Landa,10092,1,1,4,3,0,82758,1,18,Production Manager,MA,1890,2072-07-01,M,Married,2011-01-10,2015-12-12,attendance,Terminated for Cause,Production       ,Janet King,2,Employee Referral,Fully Meets,4.78,4,0,2015-02-15,0,9
 Lindsey Langford,10106,0,0,5,3,0,66074,1,20,Production Technician II,MA,2090,1979-07-25,F,Divorced,2013-01-07,2014-03-31,Another position,Voluntarily Terminated,Production       ,David Stanley,14,Indeed,Fully Meets,4.52,3,0,2014-02-20,0,20
 Enrico Langton,10052,1,1,1,3,0,46120,0,19,Production Technician I,MA,2048,1986-12-09,M,Married,2012-07-09,,N/A-StillEmployed,Active,Production       ,David Stanley,14,LinkedIn,Fully Meets,5.0,5,0,2019-02-04,0,13
 William   LaRotonda,10038,0,1,1,3,0,64520,0,1,Accountant I,MA,1460,1984-04-26,M,Divorced,2014-01-06,,N/A-StillEmployed,Active,Admin Offices,Brandon R. LeBlanc,1,Website,Fully Meets,5.0,4,4,2019-01-17,0,3
 Mohammed Latif,10249,1,1,5,3,0,61962,1,20,Production Technician II,MA,2126,1984-05-09,M,Married,2012-04-02,2013-04-15,more money,Voluntarily Terminated,Production       ,Kissy Sullivan,20,Google Search,Fully Meets,4.9,3,0,2013-02-20,0,20
 Binh Le,10232,0,0,1,3,0,81584,0,22,Senior BI Developer,MA,1886,1987-06-14,F,Single,2016-10-02,,N/A-StillEmployed,Active,IT/IS,Brian Champaigne,13,Indeed,Fully Meets,4.1,5,7,2019-01-08,0,2
 Dallas Leach,10087,0,0,5,3,0,63676,1,19,Production Technician I,MA,1810,1979-01-17,F,Single,2011-09-26,2018-08-19,return to school,Voluntarily Terminated,Production       ,Kissy Sullivan,20,CareerBuilder,Fully Meets,4.88,3,0,2017-07-02,0,17
 Brandon  R LeBlanc,10134,1,1,1,3,0,93046,0,23,Shared Services Manager,MA,1460,1984-06-10,M,Married,2016-01-05,,N/A-StillEmployed,Active,Admin Offices,Janet King,2,CareerBuilder,Fully Meets,4.1,4,0,2019-01-28,0,20
 Hannibal Lecter,10251,1,1,1,3,0,64738,0,19,Production Technician I,MA,1776,1982-09-02,M,Married,2012-05-14,,N/A-StillEmployed,Active,Production       ,Elijiah Gray,16,Google Search,Fully Meets,4.1,3,0,2019-02-22,0,10
 Giovanni Leruth,10103,0,1,1,3,0,70468,0,3,Area Sales Manager,UT,84111,1988-12-27,M,Separated,2012-04-30,,N/A-StillEmployed,Active,Sales,John Smith,17,Website,Fully Meets,4.53,3,0,2019-01-29,0,16
 Ketsia Liebig,10017,1,0,1,4,0,77915,0,18,Production Manager,MA,2110,1981-10-26,F,Married,2013-09-30,,N/A-StillEmployed,Active,Production       ,Janet King,2,Website,Exceeds,4.1,3,0,2019-01-21,0,11
 Marilyn  Linares,10186,1,0,5,3,0,52624,1,19,Production Technician I,MA,1886,1981-03-26,F,Married,2011-07-05,2018-09-26,unhappy,Voluntarily Terminated,Production       ,Michael Albert,22,Indeed,Fully Meets,3.18,4,0,2018-03-02,0,16
 Mathew Linden,10137,1,1,3,3,0,63450,0,20,Production Technician II,MA,1770,1979-03-19,M,Married,2013-07-08,,N/A-StillEmployed,Active,Production       ,Kelley Spirea,18,LinkedIn,Fully Meets,4.0,3,0,2019-02-18,0,7
 Leonara  Lindsay,10008,0,0,1,4,1,51777,0,14,IT Support,CT,6070,1988-10-05,F,Single,2011-01-21,,N/A-StillEmployed,Active,IT/IS,Eric Dougall,6,Diversity Job Fair,Exceeds,4.64,4,5,2019-01-25,0,14
 Susan Lundy,10096,0,0,5,3,0,67237,1,20,Production Technician II,MA,2122,1976-12-26,F,Widowed,2013-07-08,2016-09-15,more money,Voluntarily Terminated,Production       ,Michael Albert,22,LinkedIn,Fully Meets,4.65,4,0,2016-06-10,0,15
 Lisa Lunquist,10035,0,0,1,4,0,73330,0,20,Production Technician II,MA,2324,1982-03-28,F,Single,2013-08-19,,N/A-StillEmployed,Active,Production       ,Elijiah Gray,16,Indeed,Exceeds,4.2,4,0,2019-02-12,0,19
 Allison Lydon,10057,1,0,3,3,0,52057,0,19,Production Technician I,MA,2122,1975-10-22,F,Married,2015-02-16,,N/A-StillEmployed,Active,Production       ,Elijiah Gray,16,Website,Fully Meets,5.0,3,0,2019-01-23,0,6
 Lindsay Lynch,10004,0,0,5,4,1,47434,1,19,Production Technician I,MA,1844,1973-02-14,F,Single,2011-11-07,2015-11-14,Another position,Voluntarily Terminated,Production       ,Webster Butler,39,Diversity Job Fair,Exceeds,5.0,4,0,2015-02-02,0,17
 Samuel MacLennan,10191,0,1,5,3,0,52788,1,19,Production Technician I,MA,1938,2072-11-09,M,Widowed,2012-09-24,2017-09-26,hours,Voluntarily Terminated,Production       ,Amy Dunn,11,Indeed,Fully Meets,3.08,4,0,2017-04-01,0,18
 Lauren   Mahoney,10219,0,0,1,3,0,45395,0,19,Production Technician I,MA,2189,1986-07-07,F,Single,2014-01-06,,N/A-StillEmployed,Active,Production       ,Ketsia Liebig,19,LinkedIn,Fully Meets,4.6,4,0,2019-02-26,0,14
 Robyn Manchester,10077,1,0,2,3,0,62385,0,20,Production Technician II,MA,2324,1976-08-25,F,Married,2016-05-11,,N/A-StillEmployed,Active,Production       ,Webster Butler,39,LinkedIn,Fully Meets,5.0,3,0,2019-01-21,0,4
 Karen Mancuso,10073,1,0,5,3,0,68407,1,20,Production Technician II,MA,2176,1986-12-10,F,Married,2011-07-05,2012-08-19,Another position,Voluntarily Terminated,Production       ,Amy Dunn,11,LinkedIn,Fully Meets,5.0,4,0,2012-07-02,0,16
 Debbie Mangal,10279,1,0,1,3,0,61349,0,19,Production Technician I,MA,2451,1974-11-07,F,Married,2013-11-11,,N/A-StillEmployed,Active,Production       ,Brannon Miller,12,LinkedIn,Fully Meets,4.1,3,0,2019-01-22,0,11
 Sandra Martin,10110,0,0,1,3,0,105688,0,24,Software Engineer,MA,2135,1987-11-07,F,Single,2013-11-11,,N/A-StillEmployed,Active,Software Engineering,Alex Sweetwater,10,Google Search,Fully Meets,4.5,5,4,2019-01-14,0,14
 Shana Maurice,10053,1,0,1,3,0,54132,0,19,Production Technician I,MA,2330,1977-11-22,F,Married,2011-05-31,,N/A-StillEmployed,Active,Production       ,David Stanley,14,Indeed,Fully Meets,5.0,4,0,2019-01-10,0,8
 B'rigit Carthy,10076,0,0,1,3,0,55315,0,20,Production Technician II,MA,2149,1987-05-21,F,Single,2015-03-30,,N/A-StillEmployed,Active,Production       ,Ketsia Liebig,19,LinkedIn,Fully Meets,5.0,5,0,2019-02-07,0,16
 Sandy Mckenna,10145,1,0,1,3,0,62810,0,19,Production Technician I,MA,2184,1987-01-07,F,Married,2013-01-07,,N/A-StillEmployed,Active,Production       ,Kissy Sullivan,20,CareerBuilder,Fully Meets,3.93,3,0,2019-01-30,0,20
 Jac McKinzie,10202,1,1,2,3,0,63291,0,3,Area Sales Manager,TX,78789,1984-07-01,M,Married,2016-07-06,,N/A-StillEmployed,Active,Sales,Lynn Daneault,21,Website,Fully Meets,3.4,4,0,2019-01-29,0,7
 Elizabeth Meads,10128,0,0,5,3,1,62659,1,19,Production Technician I,MA,1760,2068-05-30,F,Single,2012-04-02,2016-11-11,Another position,Voluntarily Terminated,Production       ,Kelley Spirea,18,Diversity Job Fair,Fully Meets,4.18,4,0,2016-02-05,0,17
 Jennifer Medeiros,10068,0,0,1,3,0,55688,0,19,Production Technician I,MA,2346,1976-09-22,F,Single,2015-03-30,,N/A-StillEmployed,Active,Production       ,Michael Albert,22,CareerBuilder,Fully Meets,5.0,4,0,2019-01-21,0,10
 Brannon Miller,10116,0,1,1,3,0,83667,0,18,Production Manager,MA,2045,1981-08-10,M,Single,2012-08-16,,N/A-StillEmployed,Active,Production       ,Janet King,2,Indeed,Fully Meets,4.37,3,0,2019-01-14,0,2
 Ned Miller,10298,0,1,5,1,0,55800,1,20,Production Technician II,MA,2472,1985-06-29,M,Single,2011-08-15,2014-09-04,unhappy,Voluntarily Terminated,Production       ,Brannon Miller,12,LinkedIn,PIP,3.0,2,0,2013-01-14,6,6
 Erasumus Monkfish,10213,1,1,1,3,0,58207,0,20,Production Technician II,MA,1450,1992-08-17,M,Married,2011-11-07,,N/A-StillEmployed,Active,Production       ,David Stanley,14,LinkedIn,Fully Meets,3.7,3,0,2019-01-08,0,14
 Peter Monroe,10288,1,1,1,2,1,157000,0,13,IT Manager - Infra,MA,2134,1986-10-05,M,Married,2012-02-15,,N/A-StillEmployed,Active,IT/IS,Jennifer Zamora,5,Diversity Job Fair,Needs Improvement,2.39,3,6,2019-02-22,4,13
 Luisa Monterro,10025,0,0,1,4,0,72460,0,20,Production Technician II,MA,2126,2070-04-24,F,Single,2013-05-13,,N/A-StillEmployed,Active,Production       ,Kissy Sullivan,20,Indeed,Exceeds,4.7,3,0,2019-01-14,0,1
 Patrick Moran,10223,0,1,3,3,1,72106,0,20,Production Technician II,MA,2127,1976-12-03,M,Single,2012-01-09,,N/A-StillEmployed,Active,Production       ,Kelley Spirea,18,Diversity Job Fair,Fully Meets,4.1,4,0,2019-01-31,0,12
 Tanya Morway,10151,1,0,1,3,0,52599,0,15,Network Engineer,MA,2048,1979-04-04,F,Married,2015-02-16,,N/A-StillEmployed,Active,IT/IS,Peter Monroe,7,CareerBuilder,Fully Meets,3.81,3,6,2019-02-11,0,6
  Dawn Motlagh,10254,0,0,1,3,0,63430,0,19,Production Technician I,MA,2453,1984-07-07,F,Divorced,2013-04-01,,N/A-StillEmployed,Active,Production       ,Elijiah Gray,16,LinkedIn,Fully Meets,4.4,4,0,2019-01-17,0,18
 Maliki  Moumanil,10120,0,1,1,3,0,74417,0,20,Production Technician II,MA,1460,1974-12-01,M,Separated,2013-05-13,,N/A-StillEmployed,Active,Production       ,Michael Albert,22,LinkedIn,Fully Meets,4.29,5,0,2019-01-28,0,11
 Michael Myers,10216,0,1,1,3,0,57575,0,19,Production Technician I,MA,1550,1980-04-18,M,Single,2013-07-08,,N/A-StillEmployed,Active,Production       ,Kissy Sullivan,20,LinkedIn,Fully Meets,4.1,4,0,2019-01-22,0,13
 Kurt Navathe,10079,0,1,1,3,0,87921,0,22,Senior BI Developer,MA,2056,2070-04-25,M,Single,2017-02-10,,N/A-StillEmployed,Active,IT/IS,Brian Champaigne,13,Indeed,Fully Meets,5.0,3,6,2019-02-25,0,17
 Colombui Ndzi,10215,0,1,5,3,1,50470,1,19,Production Technician I,MA,2110,1989-05-02,M,Single,2011-09-26,2014-04-04,return to school,Voluntarily Terminated,Production       ,Webster Butler,39,Diversity Job Fair,Fully Meets,4.3,3,0,2013-03-02,0,19
 Horia Ndzi,10185,1,1,5,3,0,46664,1,19,Production Technician I,MA,2421,1983-03-28,M,Married,2013-04-01,2016-05-25,more money,Voluntarily Terminated,Production       ,Amy Dunn,11,Employee Referral,Fully Meets,3.18,3,0,2016-03-06,0,10
 Richard  Newman,10063,1,1,3,3,0,48495,0,19,Production Technician I,MA,2136,1977-04-08,M,Married,2014-05-12,,N/A-StillEmployed,Active,Production       ,Ketsia Liebig,19,LinkedIn,Fully Meets,5.0,5,0,2019-02-18,0,11
 Shari  Ngodup,10037,0,0,1,4,1,52984,0,19,Production Technician I,MA,1810,2067-06-03,F,Separated,2013-04-01,,N/A-StillEmployed,Active,Production       ,Brannon Miller,12,Diversity Job Fair,Exceeds,4.0,3,0,2019-02-13,0,12
 Dheepa Nguyen,10042,0,0,1,3,0,63695,0,3,Area Sales Manager,GA,30428,1989-03-31,F,Single,2013-07-08,,N/A-StillEmployed,Active,Sales,Lynn Daneault,21,Indeed,Fully Meets,5.0,5,0,2019-01-25,0,2
 Lei-Ming Nguyen,10206,0,0,1,3,0,62061,0,19,Production Technician I,MA,2132,1984-07-07,F,Single,2013-07-08,,N/A-StillEmployed,Active,Production       ,David Stanley,14,LinkedIn,Fully Meets,3.6,5,0,2019-01-02,0,4
 Kristie Nowlan,10104,0,0,1,3,0,66738,0,20,Production Technician II,MA,1040,1985-11-23,F,Single,2014-11-10,,N/A-StillEmployed,Active,Production       ,Elijiah Gray,16,Indeed,Fully Meets,4.53,5,0,2019-01-16,0,5
 Lynn O'hare,10303,0,0,4,1,0,52674,1,19,Production Technician I,MA,2152,1980-09-30,F,Single,2014-03-31,2018-05-01,performance,Terminated for Cause,Production       ,Kissy Sullivan,20,LinkedIn,PIP,2.33,2,0,2018-03-09,6,3
 Brooke  Oliver,10078,1,0,5,3,0,71966,1,20,Production Technician II,MA,2492,2052-02-11,F,Married,2012-05-14,2013-08-19,unhappy,Voluntarily Terminated,Production       ,Webster Butler,39,LinkedIn,Fully Meets,5.0,3,0,2013-07-02,0,17
 Jasmine Onque,10121,0,0,1,3,0,63051,0,3,Area Sales Manager,FL,33174,1990-05-11,F,Single,2013-09-30,,N/A-StillEmployed,Active,Sales,Lynn Daneault,21,Indeed,Fully Meets,4.28,3,0,2019-01-25,0,1
 Adeel Osturnka,10021,1,1,1,4,0,47414,0,19,Production Technician I,MA,2478,1976-12-11,M,Married,2013-09-30,,N/A-StillEmployed,Active,Production       ,Kelley Spirea,18,LinkedIn,Exceeds,5.0,3,0,2019-02-07,0,13
 Clinton Owad,10281,0,1,1,2,0,53060,0,19,Production Technician I,MA,1760,1979-11-24,M,Single,2014-02-17,,N/A-StillEmployed,Active,Production       ,Michael Albert,22,LinkedIn,Needs Improvement,4.25,3,0,2019-02-04,4,6
 Travis Ozark,10041,0,1,1,3,0,68829,0,3,Area Sales Manager,NC,27229,1982-05-19,M,Single,2015-01-05,,N/A-StillEmployed,Active,Sales,John Smith,17,Website,Fully Meets,5.0,5,0,2019-01-14,0,18
 Nina Panjwani,10148,1,0,5,3,0,63515,1,19,Production Technician I,MA,2351,1979-05-01,F,Married,2011-02-07,2014-01-12,Another position,Voluntarily Terminated,Production       ,Elijiah Gray,16,Google Search,Fully Meets,3.89,4,0,2013-03-04,0,7
 Lucas Patronick,10005,0,1,5,4,1,108987,1,24,Software Engineer,MA,1844,1979-02-20,M,Single,2011-11-07,2015-09-07,Another position,Voluntarily Terminated,Software Engineering,Alex Sweetwater,10,Diversity Job Fair,Exceeds,5.0,5,3,2015-08-16,0,13
 Randall Pearson,10259,1,1,5,3,0,93093,1,9,Data Analyst,MA,2747,1984-09-05,M,Married,2014-12-01,2016-05-01,performance,Voluntarily Terminated,IT/IS,Simon Roup,4,Employee Referral,Fully Meets,4.7,4,5,2016-01-16,0,19
 Martin Smith,10286,0,1,5,2,0,53564,1,19,Production Technician I,MA,2458,1988-03-17,M,Single,2011-01-10,2017-12-28,career change,Voluntarily Terminated,Production       ,Webster Butler,39,Google Search,Needs Improvement,3.54,5,0,2017-04-06,4,15
 Ermine Pelletier,10297,1,0,5,2,0,60270,1,20,Production Technician II,MA,2472,1989-07-18,F,Married,2011-07-05,2015-09-15,unhappy,Voluntarily Terminated,Production       ,Amy Dunn,11,CareerBuilder,Needs Improvement,2.4,5,0,2015-02-06,5,2
 Shakira Perry,10171,0,0,5,3,0,45998,1,19,Production Technician I,MA,2176,1986-07-20,F,Single,2011-05-16,2015-10-25,medical issues,Voluntarily Terminated,Production       ,Amy Dunn,11,LinkedIn,Fully Meets,3.45,4,0,2014-05-13,0,5
 Lauren Peters,10032,1,0,5,4,0,57954,1,20,Production Technician II,MA,1886,1986-08-17,F,Married,2011-05-16,2013-02-04,more money,Voluntarily Terminated,Production       ,Ketsia Liebig,19,Indeed,Exceeds,4.2,5,0,2013-01-10,0,12
 Ebonee   Peterson,10130,1,0,5,3,0,74669,1,18,Production Manager,MA,2030,1977-05-09,F,Married,2010-10-25,2016-05-18,Another position,Voluntarily Terminated,Production       ,Janet King,2,Indeed,Fully Meets,4.16,5,0,2015-03-05,0,6
 Shana   Petingill,10217,1,0,1,3,0,74226,0,20,Production Technician II,MA,2050,1979-03-10,F,Married,2012-04-02,,N/A-StillEmployed,Active,Production       ,Brannon Miller,12,LinkedIn,Fully Meets,4.3,3,0,2019-01-14,0,14
 Thelma Petrowsky,10016,1,0,1,4,0,93554,0,9,Data Analyst,MA,1886,1984-09-16,F,Married,2014-11-10,,N/A-StillEmployed,Active,IT/IS,Simon Roup,4,Employee Referral,Exceeds,4.6,5,7,2019-01-04,0,16
 Hong Pham,10050,1,1,5,3,0,64724,1,19,Production Technician I,MA,2451,1988-03-06,M,Married,2011-07-05,2012-11-30,more money,Voluntarily Terminated,Production       ,Brannon Miller,12,Google Search,Fully Meets,5.0,3,0,2012-02-20,0,13
 Brad  Pitt,10164,0,1,1,3,0,47001,0,19,Production Technician I,MA,2451,1981-11-23,M,Single,2007-11-05,,N/A-StillEmployed,Active,Production       ,David Stanley,14,Google Search,Fully Meets,3.66,3,0,2019-02-25,0,15
 Xana Potts,10124,1,0,1,3,0,61844,0,3,Area Sales Manager,KY,40220,1988-08-29,F,Married,2012-01-09,,N/A-StillEmployed,Active,Sales,Lynn Daneault,21,Website,Fully Meets,4.2,5,0,2019-02-01,0,9
 Morissa Power,10187,0,0,5,3,0,46799,1,19,Production Technician I,MA,1742,1984-10-15,F,Divorced,2011-05-16,2018-06-04,Another position,Voluntarily Terminated,Production       ,Kissy Sullivan,20,Google Search,Fully Meets,3.17,4,0,2018-04-02,0,14
 Louis   Punjabhi,10225,0,1,1,3,0,59472,0,19,Production Technician I,MA,2109,2061-06-19,M,Single,2014-01-06,,N/A-StillEmployed,Active,Production       ,Kelley Spirea,18,Employee Referral,Fully Meets,4.8,3,0,2019-01-07,0,14
 Janine Purinton,10262,0,0,5,3,0,46430,1,19,Production Technician I,MA,2474,2070-09-22,F,Divorced,2012-09-24,2013-06-18,unhappy,Voluntarily Terminated,Production       ,Kissy Sullivan,20,Indeed,Fully Meets,4.5,5,0,2013-04-02,0,16
 Sean Quinn,10131,1,1,5,3,1,83363,1,23,Software Engineer,MA,2045,1984-11-06,M,Married,2011-02-21,2015-08-15,career change,Voluntarily Terminated,Software Engineering,Janet King,2,Diversity Job Fair,Fully Meets,4.15,4,0,2014-04-19,0,4
 Maggie Rachael,10239,1,0,1,3,0,95920,0,4,BI Developer,MA,2110,1980-05-12,F,Married,2016-10-02,,N/A-StillEmployed,Active,IT/IS,Brian Champaigne,13,Indeed,Fully Meets,4.4,4,6,2019-02-06,0,10
 Quinn Rarrick,10152,0,1,5,3,0,61729,1,19,Production Technician I,MA,2478,1984-12-31,M,Divorced,2011-09-26,2018-04-07,more money,Voluntarily Terminated,Production       ,Michael Albert,22,Indeed,Fully Meets,3.8,5,0,2018-02-04,0,19
 Kylo Ren,10140,1,1,1,3,0,61809,0,3,Area Sales Manager,ID,83706,2054-10-12,M,Married,2014-05-12,,N/A-StillEmployed,Active,Sales,John Smith,17,CareerBuilder,Fully Meets,3.98,3,0,2019-01-28,0,4
 Thomas Rhoads,10058,0,1,5,3,0,45115,1,19,Production Technician I,MA,2176,1982-07-22,M,Divorced,2011-05-16,2016-01-15,retiring,Voluntarily Terminated,Production       ,Elijiah Gray,16,LinkedIn,Fully Meets,5.0,4,0,2015-03-30,0,11
 Haley   Rivera,10011,1,0,1,4,0,46738,0,19,Production Technician I,MA,2171,1973-01-12,F,Married,2011-11-28,,N/A-StillEmployed,Active,Production       ,Webster Butler,39,Google Search,Exceeds,4.36,5,0,2019-02-11,0,16
 May Roberson,10230,0,0,5,3,0,64971,1,20,Production Technician II,MA,1902,1981-09-05,F,Divorced,2011-09-26,2011-10-22,return to school,Voluntarily Terminated,Production       ,David Stanley,14,Google Search,Fully Meets,4.5,4,0,2011-10-22,0,10
 Peter Robertson,10224,1,1,5,3,0,55578,1,20,Production Technician II,MA,2138,2072-07-03,M,Married,2011-07-05,2012-02-08,Another position,Voluntarily Terminated,Production       ,Kissy Sullivan,20,Indeed,Fully Meets,4.2,5,0,2012-01-06,0,13
 Alain   Robinson,10047,1,1,5,3,0,50428,1,19,Production Technician I,MA,1420,1974-01-07,M,Married,2011-01-10,2016-01-26,attendance,Voluntarily Terminated,Production       ,Amy Dunn,11,Indeed,Fully Meets,5.0,3,0,2015-01-10,0,11
 Cherly Robinson,10285,1,0,4,2,0,61422,1,19,Production Technician I,MA,1460,1985-01-07,F,Married,2011-01-10,2016-05-17,attendance,Terminated for Cause,Production       ,Ketsia Liebig,19,Indeed,Needs Improvement,3.6,3,0,2016-04-05,4,16
 Elias Robinson,10020,0,1,1,4,0,63353,0,19,Production Technician I,MA,1730,1985-01-28,M,Widowed,2013-07-08,,N/A-StillEmployed,Active,Production       ,Brannon Miller,12,Employee Referral,Exceeds,3.6,5,0,2019-02-11,0,4
 Lori  Roby,10162,1,0,1,3,0,89883,0,9,Data Analyst,MA,1886,1981-10-11,F,Married,2015-02-16,,N/A-StillEmployed,Active,IT/IS,Simon Roup,4,Employee Referral,Fully Meets,3.69,5,6,2019-02-14,0,15
 Bianca Roehrich,10149,0,0,5,3,0,120000,1,29,Principal Data Architect,MA,2703,1973-05-27,F,Single,2015-01-05,2018-11-10,Another position,Voluntarily Terminated,IT/IS,Simon Roup,4,LinkedIn,Fully Meets,3.88,3,7,2018-02-13,0,12
 Katie Roper,10086,0,0,1,3,0,150290,0,7,Data Architect,MA,2056,2072-11-21,F,Single,2017-01-07,,N/A-StillEmployed,Active,IT/IS,Brian Champaigne,13,Indeed,Fully Meets,4.94,3,5,2019-02-06,0,17
 Ashley   Rose,10054,0,0,1,3,0,60627,0,19,Production Technician I,MA,1886,1974-12-05,F,Separated,2014-01-06,,N/A-StillEmployed,Active,Production       ,David Stanley,14,Website,Fully Meets,5.0,4,0,2019-01-31,0,8
 Bruno Rossetti,10065,0,1,5,3,0,53180,1,19,Production Technician I,MA,2155,1987-03-18,M,Single,2011-04-04,2018-08-13,Another position,Voluntarily Terminated,Production       ,Kissy Sullivan,20,Google Search,Fully Meets,5.0,5,0,2018-07-02,0,4
Simon Roup,10198,0,1,1,3,0,140920,0,13,IT Manager - DB,MA,2481,1973-04-05,M,Single,2013-01-20,,N/A-StillEmployed,Active,IT/IS,Jennifer Zamora,5,Indeed,Fully Meets,3.6,5,7,2019-02-18,0,13
 Ricardo Ruiz,10222,0,1,5,3,1,148999,1,13,IT Manager - DB,MA,1915,2064-01-04,M,Divorced,2012-01-09,2015-11-04,hours,Voluntarily Terminated,IT/IS,Jennifer Zamora,5,Diversity Job Fair,Fully Meets,4.3,4,6,2015-01-04,0,8
 Adell Saada,10126,1,0,1,3,0,86214,0,24,Software Engineer,MA,2132,1986-07-24,F,Married,2012-11-05,,N/A-StillEmployed,Active,Software Engineering,Alex Sweetwater,10,Indeed,Fully Meets,4.2,3,6,2019-02-13,0,2
 Melinda Saar-Beckles,10295,0,0,2,2,1,47750,0,19,Production Technician I,MA,1801,2068-06-06,F,Single,2016-07-04,,N/A-StillEmployed,Active,Production       ,Kelley Spirea,18,Diversity Job Fair,Needs Improvement,2.6,4,0,2019-02-18,5,4
 Nore   Sadki,10260,0,1,5,3,0,46428,1,19,Production Technician I,MA,2148,1974-12-21,M,Single,2009-01-05,2018-07-30,relocation out of area,Voluntarily Terminated,Production       ,Michael Albert,22,Google Search,Fully Meets,4.6,5,0,2018-02-05,0,7
 Adil Sahoo,10233,1,1,1,3,0,57975,0,20,Production Technician II,MA,2062,1986-04-26,M,Married,2010-08-30,,N/A-StillEmployed,Active,Production       ,Kelley Spirea,18,CareerBuilder,Fully Meets,4.1,3,0,2019-01-10,0,13
 Jason Salter,10229,0,1,5,3,0,88527,1,9,Data Analyst ,MA,2452,1987-12-17,M,Divorced,2015-01-05,2015-10-31,hours,Voluntarily Terminated,IT/IS,Simon Roup,4,LinkedIn,Fully Meets,4.2,3,5,2015-04-20,0,2
 Kamrin Sander,10169,1,0,1,3,0,56147,0,19,Production Technician I,MA,2154,1988-07-10,F,Married,2014-09-29,,N/A-StillEmployed,Active,Production       ,Elijiah Gray,16,LinkedIn,Fully Meets,3.51,3,0,2019-02-18,0,2
 Nori Sewkumar,10071,0,0,3,3,0,50923,0,19,Production Technician I,MA,2191,1975-03-10,F,Single,2013-09-30,,N/A-StillEmployed,Active,Production       ,Webster Butler,39,Google Search,Fully Meets,5.0,5,0,2019-02-06,0,14
 Anita  Shepard,10179,1,0,1,3,0,50750,0,15,Network Engineer,MA,1773,1981-04-14,F,Married,2014-09-30,,N/A-StillEmployed,Active,IT/IS,Peter Monroe,7,LinkedIn,Fully Meets,3.31,3,6,2019-01-07,0,7
 Seffi Shields,10091,1,0,1,3,0,52087,0,19,Production Technician I,MA,2149,1985-08-24,F,Married,2013-08-19,,N/A-StillEmployed,Active,Production       ,Amy Dunn,11,LinkedIn,Fully Meets,4.81,4,0,2019-02-15,0,15
 Kramer Simard,10178,1,1,1,3,0,87826,0,9,Data Analyst,MA,2110,2070-02-08,M,Married,2015-01-05,,N/A-StillEmployed,Active,IT/IS,Simon Roup,4,Employee Referral,Fully Meets,3.32,3,7,2019-01-14,0,16
 Nan  Singh,10039,0,0,1,3,0,51920,0,2,Administrative Assistant,MA,2330,1988-05-19,F,Single,2015-05-01,,N/A-StillEmployed,Active,Admin Offices,Brandon R. LeBlanc,1,Website,Fully Meets,5.0,3,5,2019-01-15,0,2
 Constance Sloan,10095,0,0,5,3,0,63878,1,20,Production Technician II,MA,1851,1987-11-25,F,Single,2009-10-26,2015-04-08,maternity leave - did not return,Voluntarily Terminated,Production       ,Michael Albert,22,CareerBuilder,Fully Meets,4.68,4,0,2015-04-02,0,20
 Joe Smith,10027,0,1,1,4,0,60656,0,20,Production Technician II,MA,2045,2063-10-30,M,Single,2014-09-29,,N/A-StillEmployed,Active,Production       ,Elijiah Gray,16,Indeed,Exceeds,4.3,3,0,2019-01-28,0,4
 John Smith,10291,0,1,1,2,1,72992,0,21,Sales Manager,MA,1886,1984-08-16,M,Divorced,2014-05-18,,N/A-StillEmployed,Active,Sales,Debra Houlihan,15,Diversity Job Fair,Needs Improvement,2.4,4,0,2019-01-16,2,16
 Leigh Ann Smith,10153,1,0,5,3,1,55000,1,2,Administrative Assistant,MA,1844,1987-06-14,F,Married,2011-09-26,2013-09-25,career change,Voluntarily Terminated,Admin Offices,Brandon R. LeBlanc,1,Diversity Job Fair,Fully Meets,3.8,4,4,2013-08-15,0,17
 Sade Smith,10157,0,0,1,3,0,58939,0,19,Production Technician I,MA,2130,2065-02-02,F,Single,2013-11-11,,N/A-StillEmployed,Active,Production       ,Ketsia Liebig,19,Employee Referral,Fully Meets,3.73,3,0,2019-01-24,0,16
 Julia  Soto,10119,1,0,1,3,0,66593,0,14,IT Support,MA,2360,1973-03-12,F,Married,2011-06-10,,N/A-StillEmployed,Active,IT/IS,Eric Dougall,6,LinkedIn,Fully Meets,4.3,3,5,2019-02-08,0,19
 Keyser Soze,10180,1,1,2,3,0,87565,0,28,Sr. Network Engineer,MA,1545,1983-02-09,M,Married,2016-06-30,,N/A-StillEmployed,Active,IT/IS,Peter Monroe,7,LinkedIn,Fully Meets,3.27,4,5,2019-01-14,0,13
 Taylor   Sparks,10302,1,0,1,1,0,64021,0,19,Production Technician I,MA,2093,2068-07-20,F,Married,2012-02-20,,N/A-StillEmployed,Active,Production       ,Brannon Miller,12,Indeed,PIP,2.4,2,1,2019-02-25,6,20
 Kelley Spirea,10090,1,0,1,3,0,65714,0,18,Production Manager,MA,2451,1975-09-30,F,Married,2012-10-02,,N/A-StillEmployed,Active,Production       ,Janet King,2,LinkedIn,Fully Meets,4.83,5,0,2019-02-14,0,15
 Kristen Squatrito,10030,0,0,5,4,0,62425,1,19,Production Technician I,MA,2359,1973-03-26,F,Divorced,2013-05-13,2015-06-29,unhappy,Voluntarily Terminated,Production       ,David Stanley,14,LinkedIn,Exceeds,4.1,4,0,2015-03-02,0,16
Barbara  M Stanford,10278,0,0,1,3,0,47961,0,19,Production Technician I,MA,2050,1982-08-25,F,Divorced,2011-01-10,,N/A-StillEmployed,Active,Production       ,Kissy Sullivan,20,Google Search,Fully Meets,4.1,4,0,2019-02-07,0,9
 Norman Stansfield,10307,1,1,1,1,0,58273,0,3,Area Sales Manager,NV,89139,1974-05-09,M,Married,2014-05-12,,N/A-StillEmployed,Active,Sales,Lynn Daneault,21,Website,PIP,1.81,2,0,2019-01-17,3,5
 Tyrone   Steans,10147,0,1,1,3,0,63003,0,1,Accountant I,MA,2703,1986-09-01,M,Single,2014-09-29,,N/A-StillEmployed,Active,Admin Offices,Brandon R. LeBlanc,1,Indeed,Fully Meets,3.9,5,5,2019-01-18,0,9
 Rick Stoica,10266,1,1,1,3,0,61355,0,19,Production Technician I,MA,2301,1985-03-14,M,Married,2014-02-17,,N/A-StillEmployed,Active,Production       ,Kelley Spirea,18,LinkedIn,Fully Meets,4.7,3,0,2019-01-11,0,4
 Caitrin Strong,10241,1,0,1,3,0,60120,0,3,Area Sales Manager,MT,59102,1989-05-12,F,Married,2010-09-27,,N/A-StillEmployed,Active,Sales,John Smith,17,Indeed,Fully Meets,4.1,4,0,2019-01-31,0,18
 Kissy  Sullivan,10158,1,0,1,3,0,63682,0,18,Production Manager,MA,1776,1978-03-28,F,Married,2009-01-08,,N/A-StillEmployed,Active,Production       ,Janet King,2,Indeed,Fully Meets,3.73,4,0,2019-01-24,0,12
 Timothy Sullivan,10117,1,1,1,3,0,63025,0,19,Production Technician I,MA,2747,1982-10-07,M,Married,2015-01-05,,N/A-StillEmployed,Active,Production       ,Michael Albert,22,Google Search,Fully Meets,4.36,5,0,2019-01-24,0,10
 Barbara Sutwell,10209,0,0,1,3,0,59238,0,19,Production Technician I,MA,2718,2068-08-15,F,Single,2012-05-14,,N/A-StillEmployed,Active,Production       ,Elijiah Gray,16,Indeed,Fully Meets,3.4,5,0,2019-01-31,0,13
 Andrew Szabo,10024,0,1,1,4,0,92989,0,24,Software Engineer,MA,2140,1983-05-06,M,Single,2014-07-07,,N/A-StillEmployed,Active,Software Engineering,Alex Sweetwater,10,LinkedIn,Exceeds,4.5,5,5,2019-02-18,0,1
 Biff Tannen,10173,1,1,1,3,0,90100,0,4,BI Developer,MA,2134,1987-10-24,M,Married,2017-04-20,,N/A-StillEmployed,Active,IT/IS,Brian Champaigne,13,Indeed,Fully Meets,3.4,3,6,2019-01-02,0,14
 Desiree   Tavares,10221,1,0,5,3,1,60754,1,19,Production Technician I,MA,1801,1975-04-03,F,Married,2009-04-27,2013-04-01,Another position,Voluntarily Terminated,Production       ,Webster Butler,39,Diversity Job Fair,Fully Meets,4.5,5,0,2012-02-15,0,11
 Lenora  Tejeda,10146,1,0,5,3,0,72202,1,20,Production Technician II,MA,2129,2053-05-24,F,Married,2011-05-16,2017-07-08,Another position,Voluntarily Terminated,Production       ,Elijiah Gray,16,Google Search,Fully Meets,3.93,3,0,2017-04-18,0,3
 Sharlene  Terry,10161,0,0,1,3,0,58370,0,3,Area Sales Manager,OR,97756,2065-05-07,F,Single,2014-09-29,,N/A-StillEmployed,Active,Sales,Lynn Daneault,21,Indeed,Fully Meets,3.69,3,0,2019-01-28,0,18
 Sophia Theamstern,10141,0,0,5,3,0,48413,1,19,Production Technician I,MA,2066,2065-05-09,F,Single,2011-07-05,2016-09-05,return to school,Voluntarily Terminated,Production       ,Amy Dunn,11,Indeed,Fully Meets,3.98,4,0,2016-03-02,0,1
 Kenneth Thibaud,10268,0,1,5,3,0,67176,1,20,Production Technician II,MA,2472,1975-09-16,M,Widowed,2007-06-25,2010-08-30,military,Voluntarily Terminated,Production       ,Webster Butler,39,Other,Fully Meets,4.1,4,0,2010-07-14,0,15
 Jeanette Tippett,10123,0,0,1,3,0,56339,0,19,Production Technician I,MA,2093,2067-06-05,F,Divorced,2013-02-18,,N/A-StillEmployed,Active,Production       ,Brannon Miller,12,Indeed,Fully Meets,4.21,5,0,2019-01-14,0,4
 Jack Torrence,10013,0,1,1,4,0,64397,0,3,Area Sales Manager,ND,58782,2068-01-15,M,Separated,2006-01-09,,N/A-StillEmployed,Active,Sales,Lynn Daneault,21,Indeed,Exceeds,4.1,3,0,2019-01-04,0,6
 Mei Trang,10287,0,0,1,2,0,63025,0,19,Production Technician I,MA,2021,1983-05-16,F,Single,2014-02-17,,N/A-StillEmployed,Active,Production       ,David Stanley,14,LinkedIn,Needs Improvement,2.44,5,0,2019-02-11,4,18
 Neville  Tredinnick,10044,1,1,5,3,0,75281,1,15,Network Engineer,MA,1420,1988-05-05,M,Married,2015-01-05,2016-02-12,medical issues,Voluntarily Terminated,IT/IS,Peter Monroe,7,CareerBuilder,Fully Meets,5.0,3,5,2015-04-15,0,11
 Edward True,10102,0,1,5,3,1,100416,1,24,Software Engineer,MA,2451,1983-06-14,M,Single,2013-02-18,2018-04-15,medical issues,Voluntarily Terminated,Software Engineering,Alex Sweetwater,10,Diversity Job Fair,Fully Meets,4.6,3,4,2017-02-12,0,9
 Cybil Trzeciak,10270,0,0,5,3,0,74813,1,20,Production Technician II,MA,1778,1985-03-15,F,Single,2011-01-10,2014-07-02,unhappy,Voluntarily Terminated,Production       ,Amy Dunn,11,LinkedIn,Fully Meets,4.4,3,0,2014-01-05,0,5
 Jumil Turpin,10045,1,1,1,3,0,76029,0,15,Network Engineer,MA,2343,2069-03-31,M,Married,2015-03-30,,N/A-StillEmployed,Active,IT/IS,Peter Monroe,7,Employee Referral,Fully Meets,5.0,4,7,2019-01-14,0,8
Jackie Valentin,10205,1,0,1,3,0,57859,0,3,Area Sales Manager,AZ,85006,1991-05-23,F,Married,2011-07-05,,N/A-StillEmployed,Active,Sales,John Smith,17,Indeed,Fully Meets,2.81,3,0,2019-01-17,0,16
 Abdellah  Veera,10014,0,1,5,4,0,58523,1,19,Production Technician I,MA,2171,1987-01-31,M,Divorced,2012-08-13,2016-02-05,maternity leave - did not return,Voluntarily Terminated,Production       ,Kissy Sullivan,20,LinkedIn,Exceeds,4.5,5,0,2016-02-01,0,15
 Vincent Vega,10144,0,1,1,3,0,88976,0,17,Production Manager,MA,2169,2068-10-10,M,Divorced,2011-08-01,,N/A-StillEmployed,Active,Production       ,Janet King,2,Employee Referral,Fully Meets,3.93,3,0,2019-02-27,0,19
 Noah Villanueva,10253,0,1,1,3,0,55875,0,3,Area Sales Manager,ME,4063,1989-07-11,M,Single,2012-03-05,,N/A-StillEmployed,Active,Sales,John Smith,17,Website,Fully Meets,4.5,4,0,2019-01-18,0,11
 Lord Voldemort,10118,1,1,4,3,0,113999,1,8,Database Administrator,MA,1960,1986-08-07,M,Married,2015-02-16,2017-02-22,"no-call, no-show",Terminated for Cause,IT/IS,Simon Roup,4,Employee Referral,Fully Meets,4.33,3,7,2017-02-15,0,9
 Colleen Volk,10022,1,0,4,4,0,49773,1,19,Production Technician I,MA,2747,1986-06-03,F,Married,2011-09-26,2016-02-08,gross misconduct,Terminated for Cause,Production       ,Kelley Spirea,18,Google Search,Exceeds,4.3,5,0,2015-02-01,0,18
 Anna Von Massenbach,10183,0,0,2,3,0,62068,0,19,Production Technician I,MA,2124,1985-04-06,F,Single,2015-07-05,,N/A-StillEmployed,Active,Production       ,Michael Albert,22,LinkedIn,Fully Meets,3.21,3,0,2019-01-29,0,7
 Roger Walker,10190,0,1,1,3,0,66541,0,20,Production Technician II,MA,2459,1976-02-10,M,Single,2014-08-18,,N/A-StillEmployed,Active,Production       ,Ketsia Liebig,19,Employee Referral,Fully Meets,3.11,5,0,2019-02-12,0,4
 Courtney  E Wallace,10274,1,0,5,3,1,80512,1,18,Production Manager,MA,2478,2055-11-14,F,Married,2011-09-26,2012-01-02,Another position,Voluntarily Terminated,Production       ,Janet King,2,Diversity Job Fair,Fully Meets,4.5,3,0,2012-01-02,0,5
 Theresa Wallace,10293,0,0,5,2,0,50274,1,19,Production Technician I,MA,1887,1980-08-02,F,Single,2012-08-13,2015-09-01,career change,Voluntarily Terminated,Production       ,Elijiah Gray,16,CareerBuilder,Needs Improvement,2.5,3,0,2014-09-05,6,13
 Charlie Wang,10172,0,1,1,3,0,84903,0,22,Senior BI Developer,MA,1887,1981-07-08,M,Single,2017-02-15,,N/A-StillEmployed,Active,IT/IS,Brian Champaigne,13,Indeed,Fully Meets,3.42,4,7,2019-01-04,0,17
 Sarah Warfield,10127,0,0,1,3,0,107226,0,28,Sr. Network Engineer,MA,2453,1978-05-02,F,Widowed,2015-03-30,,N/A-StillEmployed,Active,IT/IS,Peter Monroe,7,Employee Referral,Fully Meets,4.2,4,8,2019-02-05,0,7
 Scott Whittier,10072,0,1,5,3,0,58371,1,19,Production Technician I,MA,2030,1987-05-24,M,Single,2011-01-10,2014-05-15,hours,Voluntarily Terminated,Production       ,Webster Butler,39,LinkedIn,Fully Meets,5.0,5,0,2014-05-15,0,11
 Barry Wilber,10048,1,1,5,3,0,55140,1,19,Production Technician I,MA,2324,2065-09-09,M,Married,2011-05-16,2015-09-07,unhappy,Voluntarily Terminated,Production       ,Amy Dunn,11,Website,Fully Meets,5.0,3,0,2015-02-15,0,7
 Annie Wilkes,10204,0,0,5,3,0,58062,1,19,Production Technician I,MA,1876,1983-07-30,F,Divorced,2011-01-10,2012-05-14,Another position,Voluntarily Terminated,Production       ,Ketsia Liebig,19,Google Search,Fully Meets,3.6,5,0,2011-02-06,0,9
 Jacquelyn   Williams,10264,0,0,5,3,1,59728,1,19,Production Technician I,MA,2109,2069-10-02,F,Single,2012-01-09,2015-06-27,relocation out of area,Voluntarily Terminated,Production       ,Ketsia Liebig,19,Diversity Job Fair,Fully Meets,4.3,4,0,2014-06-02,0,16
 Jordan   Winthrop,10033,0,1,5,4,0,70507,1,20,Production Technician II,MA,2045,2058-11-07,M,Single,2013-01-07,2016-02-21,retiring,Voluntarily Terminated,Production       ,Brannon Miller,12,LinkedIn,Exceeds,5.0,3,0,2016-01-19,0,7
 Hang  T Wolk,10174,0,0,1,3,0,60446,0,20,Production Technician II,MA,2302,1985-04-20,F,Single,2014-09-29,,N/A-StillEmployed,Active,Production       ,David Stanley,14,LinkedIn,Fully Meets,3.4,4,0,2019-02-21,0,14
 Jason Woodson,10135,0,1,1,3,0,65893,0,20,Production Technician II,MA,1810,1985-05-11,M,Single,2014-07-07,,N/A-StillEmployed,Active,Production       ,Kissy Sullivan,20,LinkedIn,Fully Meets,4.07,4,0,2019-02-28,0,13
 Catherine  Ybarra,10301,0,0,5,1,0,48513,1,19,Production Technician I,MA,2458,1982-05-04,F,Single,2008-09-02,2015-09-29,Another position,Voluntarily Terminated,Production       ,Brannon Miller,12,Google Search,PIP,3.2,2,0,2015-09-02,5,4
 Jennifer Zamora,10010,0,0,1,4,0,220450,0,6,CIO,MA,2067,1979-08-30,F,Single,2010-04-10,,N/A-StillEmployed,Active,IT/IS,Janet King,2,Employee Referral,Exceeds,4.6,5,6,2019-02-21,0,16
 Julia Zhou,10043,0,0,1,3,0,89292,0,9,Data Analyst,MA,2148,1979-02-24,F,Single,2015-03-30,,N/A-StillEmployed,Active,IT/IS,Simon Roup,4,Employee Referral,Fully Meets,5.0,3,5,2019-02-01,0,11
 Colleen Zima,10271,0,0,1,3,0,45046,0,19,Production Technician I,MA,1730,1978-08-17,F,Widowed,2014-09-29,,N/A-StillEmployed,Active,Production       ,David Stanley,14,LinkedIn,Fully Meets,4.5,5,0,2019-01-30,0,2
